{"stats":{"minecraft:mined":{"minecraft:grass":6,"minecraft:grass_block":2,"minecraft:poppy":2,"minecraft:dandelion":2},"minecraft:picked_up":{"minecraft:poppy":2,"minecraft:dandelion":2,"minecraft:dirt":2},"minecraft:used":{"minecraft:poppy":2,"minecraft:dirt":2,"minecraft:dandelion":2},"minecraft:custom":{"minecraft:jump":24,"minecraft:time_since_rest":2207,"minecraft:leave_game":1,"minecraft:crouch_one_cm":138,"minecraft:sprint_one_cm":3083,"minecraft:play_time":2207,"minecraft:time_since_death":2207,"minecraft:walk_one_cm":5162,"minecraft:sneak_time":19,"minecraft:total_world_time":2207,"minecraft:fall_one_cm":685,"minecraft:fly_one_cm":6494}},"DataVersion":3465}